Entity,Code,Day,Weekly cases
Mexico,MEX,2020-01-09,0
Mexico,MEX,2020-01-10,0
Mexico,MEX,2020-01-11,0
Mexico,MEX,2020-01-12,0
Mexico,MEX,2020-01-13,0
Mexico,MEX,2020-01-14,0
Mexico,MEX,2020-01-15,0
Mexico,MEX,2020-01-16,0
Mexico,MEX,2020-01-17,0
Mexico,MEX,2020-01-18,0
Mexico,MEX,2020-01-19,0
Mexico,MEX,2020-01-20,0
Mexico,MEX,2020-01-21,0
Mexico,MEX,2020-01-22,0
Mexico,MEX,2020-01-23,0
Mexico,MEX,2020-01-24,0
Mexico,MEX,2020-01-25,0
Mexico,MEX,2020-01-26,0
Mexico,MEX,2020-01-27,0
Mexico,MEX,2020-01-28,0
Mexico,MEX,2020-01-29,0
Mexico,MEX,2020-01-30,0
Mexico,MEX,2020-01-31,0
Mexico,MEX,2020-02-01,0
Mexico,MEX,2020-02-02,0
Mexico,MEX,2020-02-03,0
Mexico,MEX,2020-02-04,0
Mexico,MEX,2020-02-05,0
Mexico,MEX,2020-02-06,0
Mexico,MEX,2020-02-07,0
Mexico,MEX,2020-02-08,0
Mexico,MEX,2020-02-09,0
Mexico,MEX,2020-02-10,0
Mexico,MEX,2020-02-11,0
Mexico,MEX,2020-02-12,0
Mexico,MEX,2020-02-13,0
Mexico,MEX,2020-02-14,0
Mexico,MEX,2020-02-15,0
Mexico,MEX,2020-02-16,0
Mexico,MEX,2020-02-17,0
Mexico,MEX,2020-02-18,0
Mexico,MEX,2020-02-19,0
Mexico,MEX,2020-02-20,0
Mexico,MEX,2020-02-21,1
Mexico,MEX,2020-02-22,1
Mexico,MEX,2020-02-23,1
Mexico,MEX,2020-02-24,1
Mexico,MEX,2020-02-25,1
Mexico,MEX,2020-02-26,1
Mexico,MEX,2020-02-27,1
Mexico,MEX,2020-02-28,0
Mexico,MEX,2020-02-29,3
Mexico,MEX,2020-03-01,5
Mexico,MEX,2020-03-02,7
Mexico,MEX,2020-03-03,9
Mexico,MEX,2020-03-04,14
Mexico,MEX,2020-03-05,23
Mexico,MEX,2020-03-06,33
Mexico,MEX,2020-03-07,41
Mexico,MEX,2020-03-08,45
Mexico,MEX,2020-03-09,50
Mexico,MEX,2020-03-10,56
Mexico,MEX,2020-03-11,56
Mexico,MEX,2020-03-12,64
Mexico,MEX,2020-03-13,93
Mexico,MEX,2020-03-14,123
Mexico,MEX,2020-03-15,183
Mexico,MEX,2020-03-16,228
Mexico,MEX,2020-03-17,257
Mexico,MEX,2020-03-18,329
Mexico,MEX,2020-03-19,416
Mexico,MEX,2020-03-20,493
Mexico,MEX,2020-03-21,603
Mexico,MEX,2020-03-22,669
Mexico,MEX,2020-03-23,702
Mexico,MEX,2020-03-24,735
Mexico,MEX,2020-03-25,826
Mexico,MEX,2020-03-26,942
Mexico,MEX,2020-03-27,1011
Mexico,MEX,2020-03-28,1084
Mexico,MEX,2020-03-29,1214
Mexico,MEX,2020-03-30,1320
Mexico,MEX,2020-03-31,1416
Mexico,MEX,2020-04-01,1593
Mexico,MEX,2020-04-02,1684
Mexico,MEX,2020-04-03,1881
Mexico,MEX,2020-04-04,2004
Mexico,MEX,2020-04-05,2134
Mexico,MEX,2020-04-06,2193
Mexico,MEX,2020-04-07,2286
Mexico,MEX,2020-04-08,2572
Mexico,MEX,2020-04-09,2776
Mexico,MEX,2020-04-10,2975
Mexico,MEX,2020-04-11,3111
Mexico,MEX,2020-04-12,3291
Mexico,MEX,2020-04-13,3505
Mexico,MEX,2020-04-14,3725
Mexico,MEX,2020-04-15,4047
Mexico,MEX,2020-04-16,4468
Mexico,MEX,2020-04-17,4872
Mexico,MEX,2020-04-18,5385
Mexico,MEX,2020-04-19,5958
Mexico,MEX,2020-04-20,6309
Mexico,MEX,2020-04-21,6624
Mexico,MEX,2020-04-22,7192
Mexico,MEX,2020-04-23,7727
Mexico,MEX,2020-04-24,8165
Mexico,MEX,2020-04-25,8675
Mexico,MEX,2020-04-26,9264
Mexico,MEX,2020-04-27,9613
Mexico,MEX,2020-04-28,9936
Mexico,MEX,2020-04-29,10357
Mexico,MEX,2020-04-30,10847
Mexico,MEX,2020-05-01,11372
Mexico,MEX,2020-05-02,11750
Mexico,MEX,2020-05-03,11571
Mexico,MEX,2020-05-04,11900
Mexico,MEX,2020-05-05,12160
Mexico,MEX,2020-05-06,12860
Mexico,MEX,2020-05-07,13133
Mexico,MEX,2020-05-08,13574
Mexico,MEX,2020-05-09,14221
Mexico,MEX,2020-05-10,15196
Mexico,MEX,2020-05-11,15360
Mexico,MEX,2020-05-12,15535
Mexico,MEX,2020-05-13,16011
Mexico,MEX,2020-05-14,16847
Mexico,MEX,2020-05-15,17688
Mexico,MEX,2020-05-16,18374
Mexico,MEX,2020-05-17,19538
Mexico,MEX,2020-05-18,20151
Mexico,MEX,2020-05-19,20338
Mexico,MEX,2020-05-20,21401
Mexico,MEX,2020-05-21,22041
Mexico,MEX,2020-05-22,22863
Mexico,MEX,2020-05-23,23749
Mexico,MEX,2020-05-24,24187
Mexico,MEX,2020-05-25,24333
Mexico,MEX,2020-05-26,24596
Mexico,MEX,2020-05-27,25203
Mexico,MEX,2020-05-28,25916
Mexico,MEX,2020-05-29,26430
Mexico,MEX,2020-05-30,26637
Mexico,MEX,2020-05-31,26973
Mexico,MEX,2020-06-01,27379
Mexico,MEX,2020-06-02,27576
Mexico,MEX,2020-06-03,28241
Mexico,MEX,2020-06-04,28655
Mexico,MEX,2020-06-05,29162
Mexico,MEX,2020-06-06,29865
Mexico,MEX,2020-06-07,30556
Mexico,MEX,2020-06-08,30883
Mexico,MEX,2020-06-09,31152
Mexico,MEX,2020-06-10,31990
Mexico,MEX,2020-06-11,33026
Mexico,MEX,2020-06-12,33779
Mexico,MEX,2020-06-13,34237
Mexico,MEX,2020-06-14,34822
Mexico,MEX,2020-06-15,34904
Mexico,MEX,2020-06-16,35138
Mexico,MEX,2020-06-17,35537
Mexico,MEX,2020-06-18,36140
Mexico,MEX,2020-06-19,36494
Mexico,MEX,2020-06-20,37169
Mexico,MEX,2020-06-21,37587
Mexico,MEX,2020-06-22,38092
Mexico,MEX,2020-06-23,38000
Mexico,MEX,2020-06-24,38324
Mexico,MEX,2020-06-25,38465
Mexico,MEX,2020-06-26,38654
Mexico,MEX,2020-06-27,38850
Mexico,MEX,2020-06-28,39306
Mexico,MEX,2020-06-29,39349
Mexico,MEX,2020-06-30,39804
Mexico,MEX,2020-07-01,40353
Mexico,MEX,2020-07-02,40965
Mexico,MEX,2020-07-03,42292
Mexico,MEX,2020-07-04,43050
Mexico,MEX,2020-07-05,43553
Mexico,MEX,2020-07-06,43534
Mexico,MEX,2020-07-07,43572
Mexico,MEX,2020-07-08,43892
Mexico,MEX,2020-07-09,44590
Mexico,MEX,2020-07-10,44347
Mexico,MEX,2020-07-11,44306
Mexico,MEX,2020-07-12,44406
Mexico,MEX,2020-07-13,44573
Mexico,MEX,2020-07-14,44748
Mexico,MEX,2020-07-15,45792
Mexico,MEX,2020-07-16,46328
Mexico,MEX,2020-07-17,47739
Mexico,MEX,2020-07-18,48946
Mexico,MEX,2020-07-19,49775
Mexico,MEX,2020-07-20,50301
Mexico,MEX,2020-07-21,50524
Mexico,MEX,2020-07-22,50730
Mexico,MEX,2020-07-23,50927
Mexico,MEX,2020-07-24,50367
Mexico,MEX,2020-07-25,50198
Mexico,MEX,2020-07-26,50177
Mexico,MEX,2020-07-27,49935
Mexico,MEX,2020-07-28,49504
Mexico,MEX,2020-07-29,48898
Mexico,MEX,2020-07-30,48440
Mexico,MEX,2020-07-31,47810
Mexico,MEX,2020-08-01,47289
Mexico,MEX,2020-08-02,45999
Mexico,MEX,2020-08-03,45622
Mexico,MEX,2020-08-04,45115
Mexico,MEX,2020-08-05,44125
Mexico,MEX,2020-08-06,43316
Mexico,MEX,2020-08-07,42821
Mexico,MEX,2020-08-08,41923
Mexico,MEX,2020-08-09,41814
Mexico,MEX,2020-08-10,41662
Mexico,MEX,2020-08-11,41541
Mexico,MEX,2020-08-12,41275
Mexico,MEX,2020-08-13,40763
Mexico,MEX,2020-08-14,40085
Mexico,MEX,2020-08-15,39863
Mexico,MEX,2020-08-16,39452
Mexico,MEX,2020-08-17,39025
Mexico,MEX,2020-08-18,38923
Mexico,MEX,2020-08-19,38555
Mexico,MEX,2020-08-20,38406
Mexico,MEX,2020-08-21,38204
Mexico,MEX,2020-08-22,37779
Mexico,MEX,2020-08-23,37867
Mexico,MEX,2020-08-24,37775
Mexico,MEX,2020-08-25,37791
Mexico,MEX,2020-08-26,37987
Mexico,MEX,2020-08-27,37952
Mexico,MEX,2020-08-28,38690
Mexico,MEX,2020-08-29,39200
Mexico,MEX,2020-08-30,39230
Mexico,MEX,2020-08-31,39234
Mexico,MEX,2020-09-01,39123
Mexico,MEX,2020-09-02,39068
Mexico,MEX,2020-09-03,39526
Mexico,MEX,2020-09-04,39410
Mexico,MEX,2020-09-05,39169
Mexico,MEX,2020-09-06,38873
Mexico,MEX,2020-09-07,38612
Mexico,MEX,2020-09-08,38465
Mexico,MEX,2020-09-09,37849
Mexico,MEX,2020-09-10,37323
Mexico,MEX,2020-09-11,36467
Mexico,MEX,2020-09-12,35874
Mexico,MEX,2020-09-13,35339
Mexico,MEX,2020-09-14,35248
Mexico,MEX,2020-09-15,35068
Mexico,MEX,2020-09-16,34913
Mexico,MEX,2020-09-17,32656
Mexico,MEX,2020-09-18,28842
Mexico,MEX,2020-09-19,29551
Mexico,MEX,2020-09-20,29659
Mexico,MEX,2020-09-21,29666
Mexico,MEX,2020-09-22,29613
Mexico,MEX,2020-09-23,29663
Mexico,MEX,2020-09-24,31468
Mexico,MEX,2020-09-25,35051
Mexico,MEX,2020-09-26,34043
Mexico,MEX,2020-09-27,33716
Mexico,MEX,2020-09-28,33565
Mexico,MEX,2020-09-29,33540
Mexico,MEX,2020-09-30,33521
Mexico,MEX,2020-10-01,33308
Mexico,MEX,2020-10-02,33032
Mexico,MEX,2020-10-03,32917
Mexico,MEX,2020-10-04,32636
Mexico,MEX,2020-10-05,32423
Mexico,MEX,2020-10-06,32352
Mexico,MEX,2020-10-07,31982
Mexico,MEX,2020-10-08,31974
Mexico,MEX,2020-10-09,32191
Mexico,MEX,2020-10-10,32411
Mexico,MEX,2020-10-11,33071
Mexico,MEX,2020-10-12,33654
Mexico,MEX,2020-10-13,34103
Mexico,MEX,2020-10-14,34996
Mexico,MEX,2020-10-15,36175
Mexico,MEX,2020-10-16,36876
Mexico,MEX,2020-10-17,37829
Mexico,MEX,2020-10-18,38778
Mexico,MEX,2020-10-19,39091
Mexico,MEX,2020-10-20,39242
Mexico,MEX,2020-10-21,40648
Mexico,MEX,2020-10-22,41907
Mexico,MEX,2020-10-23,42851
Mexico,MEX,2020-10-24,43681
Mexico,MEX,2020-10-25,44301
Mexico,MEX,2020-10-26,44450
Mexico,MEX,2020-10-27,44555
Mexico,MEX,2020-10-28,44733
Mexico,MEX,2020-10-29,44288
Mexico,MEX,2020-10-30,44053
Mexico,MEX,2020-10-31,43630
Mexico,MEX,2020-11-01,42679
Mexico,MEX,2020-11-02,42195
Mexico,MEX,2020-11-03,41893
Mexico,MEX,2020-11-04,38653
Mexico,MEX,2020-11-05,38791
Mexico,MEX,2020-11-06,39243
Mexico,MEX,2020-11-07,39927
Mexico,MEX,2020-11-08,40741
Mexico,MEX,2020-11-09,41267
Mexico,MEX,2020-11-10,41747
Mexico,MEX,2020-11-11,45550
Mexico,MEX,2020-11-12,46402
Mexico,MEX,2020-11-13,47123
Mexico,MEX,2020-11-14,47717
Mexico,MEX,2020-11-15,48200
Mexico,MEX,2020-11-16,48563
Mexico,MEX,2020-11-17,48552
Mexico,MEX,2020-11-18,42891
Mexico,MEX,2020-11-19,43577
Mexico,MEX,2020-11-20,43938
Mexico,MEX,2020-11-21,44002
Mexico,MEX,2020-11-22,44816
Mexico,MEX,2020-11-23,45128
Mexico,MEX,2020-11-24,45272
Mexico,MEX,2020-11-25,52320
Mexico,MEX,2020-11-26,52982
Mexico,MEX,2020-11-27,53849
Mexico,MEX,2020-11-28,55234
Mexico,MEX,2020-11-29,56457
Mexico,MEX,2020-11-30,57133
Mexico,MEX,2020-12-01,57361
Mexico,MEX,2020-12-02,57934
Mexico,MEX,2020-12-03,59280
Mexico,MEX,2020-12-04,61160
Mexico,MEX,2020-12-05,62779
Mexico,MEX,2020-12-06,64076
Mexico,MEX,2020-12-07,65178
Mexico,MEX,2020-12-08,65343
Mexico,MEX,2020-12-09,67519
Mexico,MEX,2020-12-10,68893
Mexico,MEX,2020-12-11,69929
Mexico,MEX,2020-12-12,71466
Mexico,MEX,2020-12-13,73050
Mexico,MEX,2020-12-14,73954
Mexico,MEX,2020-12-15,74198
Mexico,MEX,2020-12-16,75469
Mexico,MEX,2020-12-17,76508
Mexico,MEX,2020-12-18,77337
Mexico,MEX,2020-12-19,77381
Mexico,MEX,2020-12-20,77433
Mexico,MEX,2020-12-21,77147
Mexico,MEX,2020-12-22,77524
Mexico,MEX,2020-12-23,77619
Mexico,MEX,2020-12-24,77460
Mexico,MEX,2020-12-25,76952
Mexico,MEX,2020-12-26,74632
Mexico,MEX,2020-12-27,64816
Mexico,MEX,2020-12-28,64133
Mexico,MEX,2020-12-29,64731
Mexico,MEX,2020-12-30,66479
Mexico,MEX,2020-12-31,68691
Mexico,MEX,2021-01-01,70596
Mexico,MEX,2021-01-02,72199
Mexico,MEX,2021-01-03,72877
Mexico,MEX,2021-01-04,73892
Mexico,MEX,2021-01-05,74769
Mexico,MEX,2021-01-06,77101
Mexico,MEX,2021-01-07,79823
Mexico,MEX,2021-01-08,83504
Mexico,MEX,2021-01-09,90187
Mexico,MEX,2021-01-10,105375
Mexico,MEX,2021-01-11,108269
Mexico,MEX,2021-01-12,108658
Mexico,MEX,2021-01-13,111146
Mexico,MEX,2021-01-14,111828
Mexico,MEX,2021-01-15,112070
Mexico,MEX,2021-01-16,111675
Mexico,MEX,2021-01-17,110588
Mexico,MEX,2021-01-18,110187
Mexico,MEX,2021-01-19,109853
Mexico,MEX,2021-01-20,108484
Mexico,MEX,2021-01-21,108027
Mexico,MEX,2021-01-22,106854
Mexico,MEX,2021-01-23,105408
Mexico,MEX,2021-01-24,104374
Mexico,MEX,2021-01-25,103736
Mexico,MEX,2021-01-26,103156
Mexico,MEX,2021-01-27,101677
Mexico,MEX,2021-01-28,99694
Mexico,MEX,2021-01-29,97135
Mexico,MEX,2021-01-30,94236
Mexico,MEX,2021-01-31,90123
Mexico,MEX,2021-02-01,88132
Mexico,MEX,2021-02-02,87092
Mexico,MEX,2021-02-03,73618
Mexico,MEX,2021-02-04,70002
Mexico,MEX,2021-02-05,66956
Mexico,MEX,2021-02-06,63765
Mexico,MEX,2021-02-07,61598
Mexico,MEX,2021-02-08,60131
Mexico,MEX,2021-02-09,59184
Mexico,MEX,2021-02-10,66133
Mexico,MEX,2021-02-11,62009
Mexico,MEX,2021-02-12,58668
Mexico,MEX,2021-02-13,55669
Mexico,MEX,2021-02-14,53192
Mexico,MEX,2021-02-15,51848
Mexico,MEX,2021-02-16,51258
Mexico,MEX,2021-02-17,47929
Mexico,MEX,2021-02-18,46408
Mexico,MEX,2021-02-19,44914
Mexico,MEX,2021-02-20,44060
Mexico,MEX,2021-02-21,43136
Mexico,MEX,2021-02-22,42568
Mexico,MEX,2021-02-23,42446
Mexico,MEX,2021-02-24,42753
Mexico,MEX,2021-02-25,42471
Mexico,MEX,2021-02-26,42311
Mexico,MEX,2021-02-27,42117
Mexico,MEX,2021-02-28,42204
Mexico,MEX,2021-03-01,42280
Mexico,MEX,2021-03-02,42346
Mexico,MEX,2021-03-03,42372
Mexico,MEX,2021-03-04,41807
Mexico,MEX,2021-03-05,41518
Mexico,MEX,2021-03-06,41064
Mexico,MEX,2021-03-07,40192
Mexico,MEX,2021-03-08,39749
Mexico,MEX,2021-03-09,39634
Mexico,MEX,2021-03-10,38052
Mexico,MEX,2021-03-11,37073
Mexico,MEX,2021-03-12,36013
Mexico,MEX,2021-03-13,35052
Mexico,MEX,2021-03-14,34305
Mexico,MEX,2021-03-15,33910
Mexico,MEX,2021-03-16,33471
Mexico,MEX,2021-03-17,28529
Mexico,MEX,2021-03-18,29338
Mexico,MEX,2021-03-19,29123
Mexico,MEX,2021-03-20,28792
Mexico,MEX,2021-03-21,28302
Mexico,MEX,2021-03-22,28072
Mexico,MEX,2021-03-23,28069
Mexico,MEX,2021-03-24,31865
Mexico,MEX,2021-03-25,30303
Mexico,MEX,2021-03-26,29659
Mexico,MEX,2021-03-27,29240
Mexico,MEX,2021-03-28,28664
Mexico,MEX,2021-03-29,28486
Mexico,MEX,2021-03-30,28255
Mexico,MEX,2021-03-31,27625
Mexico,MEX,2021-04-01,26864
Mexico,MEX,2021-04-02,26240
Mexico,MEX,2021-04-03,23713
Mexico,MEX,2021-04-04,21218
Mexico,MEX,2021-04-05,20572
Mexico,MEX,2021-04-06,20678
Mexico,MEX,2021-04-07,20922
Mexico,MEX,2021-04-08,21118
Mexico,MEX,2021-04-09,21497
Mexico,MEX,2021-04-10,23654
Mexico,MEX,2021-04-11,26011
Mexico,MEX,2021-04-12,26625
Mexico,MEX,2021-04-13,26401
Mexico,MEX,2021-04-14,25939
Mexico,MEX,2021-04-15,25538
Mexico,MEX,2021-04-16,24966
Mexico,MEX,2021-04-17,24496
Mexico,MEX,2021-04-18,23767
Mexico,MEX,2021-04-19,23226
Mexico,MEX,2021-04-20,23117
Mexico,MEX,2021-04-21,22368
Mexico,MEX,2021-04-22,21778
Mexico,MEX,2021-04-23,21564
Mexico,MEX,2021-04-24,21068
Mexico,MEX,2021-04-25,20925
Mexico,MEX,2021-04-26,20983
Mexico,MEX,2021-04-27,20954
Mexico,MEX,2021-04-28,20600
Mexico,MEX,2021-04-29,20393
Mexico,MEX,2021-04-30,19938
Mexico,MEX,2021-05-01,19632
Mexico,MEX,2021-05-02,19142
Mexico,MEX,2021-05-03,18396
Mexico,MEX,2021-05-04,18280
Mexico,MEX,2021-05-05,17724
Mexico,MEX,2021-05-06,17169
Mexico,MEX,2021-05-07,16576
Mexico,MEX,2021-05-08,16374
Mexico,MEX,2021-05-09,16175
Mexico,MEX,2021-05-10,16453
Mexico,MEX,2021-05-11,16279
Mexico,MEX,2021-05-12,14570
Mexico,MEX,2021-05-13,14864
Mexico,MEX,2021-05-14,14908
Mexico,MEX,2021-05-15,14503
Mexico,MEX,2021-05-16,14482
Mexico,MEX,2021-05-17,14414
Mexico,MEX,2021-05-18,14405
Mexico,MEX,2021-05-19,15568
Mexico,MEX,2021-05-20,14950
Mexico,MEX,2021-05-21,14804
Mexico,MEX,2021-05-22,14843
Mexico,MEX,2021-05-23,14750
Mexico,MEX,2021-05-24,14688
Mexico,MEX,2021-05-25,14714
Mexico,MEX,2021-05-26,14776
Mexico,MEX,2021-05-27,14912
Mexico,MEX,2021-05-28,15057
Mexico,MEX,2021-05-29,15202
Mexico,MEX,2021-05-30,15313
Mexico,MEX,2021-05-31,15302
Mexico,MEX,2021-06-01,15435
Mexico,MEX,2021-06-02,15559
Mexico,MEX,2021-06-03,15650
Mexico,MEX,2021-06-04,15828
Mexico,MEX,2021-06-05,15925
Mexico,MEX,2021-06-06,16193
Mexico,MEX,2021-06-07,16404
Mexico,MEX,2021-06-08,16315
Mexico,MEX,2021-06-09,16918
Mexico,MEX,2021-06-10,17699
Mexico,MEX,2021-06-11,18276
Mexico,MEX,2021-06-12,18929
Mexico,MEX,2021-06-13,19451
Mexico,MEX,2021-06-14,19811
Mexico,MEX,2021-06-15,20063
Mexico,MEX,2021-06-16,20597
Mexico,MEX,2021-06-17,20885
Mexico,MEX,2021-06-18,21433
Mexico,MEX,2021-06-19,22095
Mexico,MEX,2021-06-20,22779
Mexico,MEX,2021-06-21,23133
Mexico,MEX,2021-06-22,23310
Mexico,MEX,2021-06-23,24407
Mexico,MEX,2021-06-24,25708
Mexico,MEX,2021-06-25,27115
Mexico,MEX,2021-06-26,28488
Mexico,MEX,2021-06-27,29738
Mexico,MEX,2021-06-28,30423
Mexico,MEX,2021-06-29,30859
Mexico,MEX,2021-06-30,32511
Mexico,MEX,2021-07-01,33772
Mexico,MEX,2021-07-02,34691
Mexico,MEX,2021-07-03,35875
Mexico,MEX,2021-07-04,37423
Mexico,MEX,2021-07-05,38140
Mexico,MEX,2021-07-06,38700
Mexico,MEX,2021-07-07,41035
Mexico,MEX,2021-07-08,43914
Mexico,MEX,2021-07-09,47757
Mexico,MEX,2021-07-10,51348
Mexico,MEX,2021-07-11,55106
Mexico,MEX,2021-07-12,56963
Mexico,MEX,2021-07-13,58224
Mexico,MEX,2021-07-14,62888
Mexico,MEX,2021-07-15,67640
Mexico,MEX,2021-07-16,71481
Mexico,MEX,2021-07-17,74944
Mexico,MEX,2021-07-18,78515
Mexico,MEX,2021-07-19,80097
Mexico,MEX,2021-07-20,81256
Mexico,MEX,2021-07-21,85499
Mexico,MEX,2021-07-22,89794
Mexico,MEX,2021-07-23,93792
Mexico,MEX,2021-07-24,99075
Mexico,MEX,2021-07-25,102995
Mexico,MEX,2021-07-26,104820
Mexico,MEX,2021-07-27,106517
Mexico,MEX,2021-07-28,111091
Mexico,MEX,2021-07-29,114898
Mexico,MEX,2021-07-30,117661
Mexico,MEX,2021-07-31,120205
Mexico,MEX,2021-08-01,122311
Mexico,MEX,2021-08-02,122967
Mexico,MEX,2021-08-03,123918
Mexico,MEX,2021-08-04,124752
Mexico,MEX,2021-08-05,125564
Mexico,MEX,2021-08-06,126595
Mexico,MEX,2021-08-07,127163
Mexico,MEX,2021-08-08,128282
Mexico,MEX,2021-08-09,128986
Mexico,MEX,2021-08-10,129220
Mexico,MEX,2021-08-11,131209
Mexico,MEX,2021-08-12,132967
Mexico,MEX,2021-08-13,134379
Mexico,MEX,2021-08-14,134725
Mexico,MEX,2021-08-15,135141
Mexico,MEX,2021-08-16,134576
Mexico,MEX,2021-08-17,133793
Mexico,MEX,2021-08-18,132669
Mexico,MEX,2021-08-19,129931
Mexico,MEX,2021-08-20,127741
Mexico,MEX,2021-08-21,124495
Mexico,MEX,2021-08-22,120883
Mexico,MEX,2021-08-23,119026
Mexico,MEX,2021-08-24,118163
Mexico,MEX,2021-08-25,114987
Mexico,MEX,2021-08-26,111764
Mexico,MEX,2021-08-27,108122
Mexico,MEX,2021-08-28,105334
Mexico,MEX,2021-08-29,103015
Mexico,MEX,2021-08-30,102409
Mexico,MEX,2021-08-31,101299
Mexico,MEX,2021-09-01,97767
Mexico,MEX,2021-09-02,94624
Mexico,MEX,2021-09-03,92065
Mexico,MEX,2021-09-04,89719
Mexico,MEX,2021-09-05,87342
Mexico,MEX,2021-09-06,86647
Mexico,MEX,2021-09-07,86034
Mexico,MEX,2021-09-08,84266
Mexico,MEX,2021-09-09,82096
Mexico,MEX,2021-09-10,79539
Mexico,MEX,2021-09-11,77752
Mexico,MEX,2021-09-12,76284
Mexico,MEX,2021-09-13,75150
Mexico,MEX,2021-09-14,74695
Mexico,MEX,2021-09-15,72556
Mexico,MEX,2021-09-16,70853
Mexico,MEX,2021-09-17,66386
Mexico,MEX,2021-09-18,58070
Mexico,MEX,2021-09-19,57961
Mexico,MEX,2021-09-20,57450
Mexico,MEX,2021-09-21,56946
Mexico,MEX,2021-09-22,55876
Mexico,MEX,2021-09-23,54571
Mexico,MEX,2021-09-24,56789
Mexico,MEX,2021-09-25,61816
Mexico,MEX,2021-09-26,58868
Mexico,MEX,2021-09-27,57940
Mexico,MEX,2021-09-28,57442
Mexico,MEX,2021-09-29,54971
Mexico,MEX,2021-09-30,52410
Mexico,MEX,2021-10-01,49814
Mexico,MEX,2021-10-02,47434
Mexico,MEX,2021-10-03,44758
Mexico,MEX,2021-10-04,43783
Mexico,MEX,2021-10-05,43177
Mexico,MEX,2021-10-06,40705
Mexico,MEX,2021-10-07,39372
Mexico,MEX,2021-10-08,38117
Mexico,MEX,2021-10-09,37126
Mexico,MEX,2021-10-10,36194
Mexico,MEX,2021-10-11,35793
Mexico,MEX,2021-10-12,35686
Mexico,MEX,2021-10-13,34591
Mexico,MEX,2021-10-14,33451
Mexico,MEX,2021-10-15,32223
Mexico,MEX,2021-10-16,31594
Mexico,MEX,2021-10-17,31059
Mexico,MEX,2021-10-18,30511
Mexico,MEX,2021-10-19,29886
Mexico,MEX,2021-10-20,28705
Mexico,MEX,2021-10-21,27820
Mexico,MEX,2021-10-22,27213
Mexico,MEX,2021-10-23,26467
Mexico,MEX,2021-10-24,25762
Mexico,MEX,2021-10-25,25597
Mexico,MEX,2021-10-26,25487
Mexico,MEX,2021-10-27,25162
Mexico,MEX,2021-10-28,24827
Mexico,MEX,2021-10-29,24406
Mexico,MEX,2021-10-30,23940
Mexico,MEX,2021-10-31,23445
Mexico,MEX,2021-11-01,23026
Mexico,MEX,2021-11-02,22696
Mexico,MEX,2021-11-03,20911
Mexico,MEX,2021-11-04,19267
Mexico,MEX,2021-11-05,19295
Mexico,MEX,2021-11-06,19161
Mexico,MEX,2021-11-07,18907
Mexico,MEX,2021-11-08,19024
Mexico,MEX,2021-11-09,19088
Mexico,MEX,2021-11-10,19834
Mexico,MEX,2021-11-11,20851
Mexico,MEX,2021-11-12,20322
Mexico,MEX,2021-11-13,20125
Mexico,MEX,2021-11-14,20001
Mexico,MEX,2021-11-15,19821
Mexico,MEX,2021-11-16,19659
Mexico,MEX,2021-11-17,16827
Mexico,MEX,2021-11-18,17186
Mexico,MEX,2021-11-19,17445
Mexico,MEX,2021-11-20,17357
Mexico,MEX,2021-11-21,17228
Mexico,MEX,2021-11-22,17299
Mexico,MEX,2021-11-23,17413
Mexico,MEX,2021-11-24,20423
Mexico,MEX,2021-11-25,20011
Mexico,MEX,2021-11-26,19642
Mexico,MEX,2021-11-27,19542
Mexico,MEX,2021-11-28,19349
Mexico,MEX,2021-11-29,19207
Mexico,MEX,2021-11-30,19230
Mexico,MEX,2021-12-01,18755
Mexico,MEX,2021-12-02,18419
Mexico,MEX,2021-12-03,18227
Mexico,MEX,2021-12-04,18255
Mexico,MEX,2021-12-05,18247
Mexico,MEX,2021-12-06,18156
Mexico,MEX,2021-12-07,18033
Mexico,MEX,2021-12-08,17866
Mexico,MEX,2021-12-09,17931
Mexico,MEX,2021-12-10,17822
Mexico,MEX,2021-12-11,17473
Mexico,MEX,2021-12-12,17484
Mexico,MEX,2021-12-13,17349
Mexico,MEX,2021-12-14,17373
Mexico,MEX,2021-12-15,16946
Mexico,MEX,2021-12-16,16525
Mexico,MEX,2021-12-17,16418
Mexico,MEX,2021-12-18,16374
Mexico,MEX,2021-12-19,16128
Mexico,MEX,2021-12-20,16358
Mexico,MEX,2021-12-21,16439
Mexico,MEX,2021-12-22,16937
Mexico,MEX,2021-12-23,17752
Mexico,MEX,2021-12-24,18863
Mexico,MEX,2021-12-25,20227
Mexico,MEX,2021-12-26,21003
Mexico,MEX,2021-12-27,20960
Mexico,MEX,2021-12-28,21985
Mexico,MEX,2021-12-29,26425
Mexico,MEX,2021-12-30,32607
Mexico,MEX,2021-12-31,40295
Mexico,MEX,2022-01-01,48941
Mexico,MEX,2022-01-02,56920
Mexico,MEX,2022-01-03,59564
Mexico,MEX,2022-01-04,63420
Mexico,MEX,2022-01-05,79459
Mexico,MEX,2022-01-06,101958
Mexico,MEX,2022-01-07,129477
Mexico,MEX,2022-01-08,159417
Mexico,MEX,2022-01-09,194803
Mexico,MEX,2022-01-10,213726
Mexico,MEX,2022-01-11,226923
Mexico,MEX,2022-01-12,271627
Mexico,MEX,2022-01-13,311197
Mexico,MEX,2022-01-14,347735
Mexico,MEX,2022-01-15,379993
Mexico,MEX,2022-01-16,406782
Mexico,MEX,2022-01-17,415579
Mexico,MEX,2022-01-18,420395
Mexico,MEX,2022-01-19,432694
Mexico,MEX,2022-01-20,436099
Mexico,MEX,2022-01-21,431530
Mexico,MEX,2022-01-22,422294
Mexico,MEX,2022-01-23,406815
Mexico,MEX,2022-01-24,400629
Mexico,MEX,2022-01-25,395769
Mexico,MEX,2022-01-26,376805
Mexico,MEX,2022-01-27,352878
Mexico,MEX,2022-01-28,328336
Mexico,MEX,2022-01-29,304124
Mexico,MEX,2022-01-30,282729
Mexico,MEX,2022-01-31,274097
Mexico,MEX,2022-02-01,267515
Mexico,MEX,2022-02-02,242687
Mexico,MEX,2022-02-03,220822
Mexico,MEX,2022-02-04,201169
Mexico,MEX,2022-02-05,182985
Mexico,MEX,2022-02-06,166547
Mexico,MEX,2022-02-07,158825
Mexico,MEX,2022-02-08,152979
Mexico,MEX,2022-02-09,125155
Mexico,MEX,2022-02-10,115673
Mexico,MEX,2022-02-11,103696
Mexico,MEX,2022-02-12,94041
Mexico,MEX,2022-02-13,86372
Mexico,MEX,2022-02-14,83300
Mexico,MEX,2022-02-15,81605
Mexico,MEX,2022-02-16,85300
Mexico,MEX,2022-02-17,75656
Mexico,MEX,2022-02-18,70392
Mexico,MEX,2022-02-19,65961
Mexico,MEX,2022-02-20,61576
Mexico,MEX,2022-02-21,59368
Mexico,MEX,2022-02-22,57646
Mexico,MEX,2022-02-23,52427
Mexico,MEX,2022-02-24,48462
Mexico,MEX,2022-02-25,44724
Mexico,MEX,2022-02-26,40922
Mexico,MEX,2022-02-27,37281
Mexico,MEX,2022-02-28,35386
Mexico,MEX,2022-03-01,33731
Mexico,MEX,2022-03-02,30824
Mexico,MEX,2022-03-03,28039
Mexico,MEX,2022-03-04,25246
Mexico,MEX,2022-03-05,23047
Mexico,MEX,2022-03-06,21369
Mexico,MEX,2022-03-07,20718
Mexico,MEX,2022-03-08,20100
Mexico,MEX,2022-03-09,17872
Mexico,MEX,2022-03-10,16704
Mexico,MEX,2022-03-11,15969
Mexico,MEX,2022-03-12,14977
Mexico,MEX,2022-03-13,14069
Mexico,MEX,2022-03-14,13701
Mexico,MEX,2022-03-15,13481
Mexico,MEX,2022-03-16,12719
Mexico,MEX,2022-03-17,12176
Mexico,MEX,2022-03-18,11359
Mexico,MEX,2022-03-19,10616
Mexico,MEX,2022-03-20,10068
Mexico,MEX,2022-03-21,9843
Mexico,MEX,2022-03-22,9491
Mexico,MEX,2022-03-23,7814
Mexico,MEX,2022-03-24,7586
Mexico,MEX,2022-03-25,7347
Mexico,MEX,2022-03-26,7090
Mexico,MEX,2022-03-27,6920
Mexico,MEX,2022-03-28,6824
Mexico,MEX,2022-03-29,6850
Mexico,MEX,2022-03-30,7724
Mexico,MEX,2022-03-31,7289
Mexico,MEX,2022-04-01,7120
Mexico,MEX,2022-04-02,6919
Mexico,MEX,2022-04-03,6523
Mexico,MEX,2022-04-04,6444
Mexico,MEX,2022-04-05,6368
Mexico,MEX,2022-04-06,5935
Mexico,MEX,2022-04-07,5482
Mexico,MEX,2022-04-08,5092
Mexico,MEX,2022-04-09,4793
Mexico,MEX,2022-04-10,4757
Mexico,MEX,2022-04-11,4729
Mexico,MEX,2022-04-12,4709
Mexico,MEX,2022-04-13,4481
Mexico,MEX,2022-04-14,4345
Mexico,MEX,2022-04-15,4189
Mexico,MEX,2022-04-16,3698
Mexico,MEX,2022-04-17,3205
Mexico,MEX,2022-04-18,3102
Mexico,MEX,2022-04-19,3069
Mexico,MEX,2022-04-20,3154
Mexico,MEX,2022-04-21,3086
Mexico,MEX,2022-04-22,3200
Mexico,MEX,2022-04-23,3510
Mexico,MEX,2022-04-24,3846
Mexico,MEX,2022-04-25,3905
Mexico,MEX,2022-04-26,4006
Mexico,MEX,2022-04-27,3983
Mexico,MEX,2022-04-28,4065
Mexico,MEX,2022-04-29,3981
Mexico,MEX,2022-04-30,4018
Mexico,MEX,2022-05-01,3993
Mexico,MEX,2022-05-02,3965
Mexico,MEX,2022-05-03,3858
Mexico,MEX,2022-05-04,3852
Mexico,MEX,2022-05-05,3961
Mexico,MEX,2022-05-06,4045
Mexico,MEX,2022-05-07,4099
Mexico,MEX,2022-05-08,4324
Mexico,MEX,2022-05-09,4375
Mexico,MEX,2022-05-10,4436
Mexico,MEX,2022-05-11,4658
Mexico,MEX,2022-05-12,4371
Mexico,MEX,2022-05-13,4759
Mexico,MEX,2022-05-14,5146
Mexico,MEX,2022-05-15,5359
Mexico,MEX,2022-05-16,5462
Mexico,MEX,2022-05-17,5514
Mexico,MEX,2022-05-18,5847
Mexico,MEX,2022-05-19,6659
Mexico,MEX,2022-05-20,6935
Mexico,MEX,2022-05-21,7319
Mexico,MEX,2022-05-22,7750
Mexico,MEX,2022-05-23,7946
Mexico,MEX,2022-05-24,8190
Mexico,MEX,2022-05-25,9079
Mexico,MEX,2022-05-26,9871
Mexico,MEX,2022-05-27,10771
Mexico,MEX,2022-05-28,11494
Mexico,MEX,2022-05-29,12237
Mexico,MEX,2022-05-30,12568
Mexico,MEX,2022-05-31,12865
Mexico,MEX,2022-06-01,14034
Mexico,MEX,2022-06-02,15381
Mexico,MEX,2022-06-03,16726
Mexico,MEX,2022-06-04,18033
Mexico,MEX,2022-06-05,19550
Mexico,MEX,2022-06-06,20185
Mexico,MEX,2022-06-07,20665
Mexico,MEX,2022-06-08,23395
Mexico,MEX,2022-06-09,25725
Mexico,MEX,2022-06-10,28674
Mexico,MEX,2022-06-11,31565
Mexico,MEX,2022-06-12,34371
Mexico,MEX,2022-06-13,35428
Mexico,MEX,2022-06-14,36336
Mexico,MEX,2022-06-15,40175
Mexico,MEX,2022-06-16,43946
Mexico,MEX,2022-06-17,47540
Mexico,MEX,2022-06-18,51189
Mexico,MEX,2022-06-19,55313
Mexico,MEX,2022-06-20,57150
Mexico,MEX,2022-06-21,58619
Mexico,MEX,2022-06-22,65537
Mexico,MEX,2022-06-23,72710
Mexico,MEX,2022-06-24,80516
Mexico,MEX,2022-06-25,88907
Mexico,MEX,2022-06-26,97266
Mexico,MEX,2022-06-27,100595
Mexico,MEX,2022-06-28,104029
Mexico,MEX,2022-06-29,115091
Mexico,MEX,2022-06-30,125306
Mexico,MEX,2022-07-01,134856
Mexico,MEX,2022-07-02,144278
Mexico,MEX,2022-07-03,152465
Mexico,MEX,2022-07-04,155797
Mexico,MEX,2022-07-05,158262
Mexico,MEX,2022-07-06,168027
Mexico,MEX,2022-07-07,177084
Mexico,MEX,2022-07-08,185973
Mexico,MEX,2022-07-09,193853
Mexico,MEX,2022-07-10,200105
Mexico,MEX,2022-07-11,202279
Mexico,MEX,2022-07-12,204283
Mexico,MEX,2022-07-13,211049
Mexico,MEX,2022-07-14,214679
Mexico,MEX,2022-07-15,215771
Mexico,MEX,2022-07-16,215451
Mexico,MEX,2022-07-17,213873
Mexico,MEX,2022-07-18,212985
Mexico,MEX,2022-07-19,211703
Mexico,MEX,2022-07-20,206000
Mexico,MEX,2022-07-21,199332
Mexico,MEX,2022-07-22,193614
Mexico,MEX,2022-07-23,186595
Mexico,MEX,2022-07-24,179987
Mexico,MEX,2022-07-25,177214
Mexico,MEX,2022-07-26,174364
Mexico,MEX,2022-07-27,164005
Mexico,MEX,2022-07-28,154017
Mexico,MEX,2022-07-29,142728
Mexico,MEX,2022-07-30,132116
Mexico,MEX,2022-07-31,122038
Mexico,MEX,2022-08-01,118347
Mexico,MEX,2022-08-02,115866
Mexico,MEX,2022-08-03,106292
Mexico,MEX,2022-08-04,97707
Mexico,MEX,2022-08-05,90488
Mexico,MEX,2022-08-06,84796
Mexico,MEX,2022-08-07,80263
Mexico,MEX,2022-08-08,78341
Mexico,MEX,2022-08-09,76588
Mexico,MEX,2022-08-10,70767
Mexico,MEX,2022-08-11,66217
Mexico,MEX,2022-08-12,61830
Mexico,MEX,2022-08-13,57515
Mexico,MEX,2022-08-14,53654
Mexico,MEX,2022-08-15,52098
Mexico,MEX,2022-08-16,50967
Mexico,MEX,2022-08-17,46083
Mexico,MEX,2022-08-18,42113
Mexico,MEX,2022-08-19,38526
Mexico,MEX,2022-08-20,35607
Mexico,MEX,2022-08-21,33244
Mexico,MEX,2022-08-22,32494
Mexico,MEX,2022-08-23,31877
Mexico,MEX,2022-08-24,29286
Mexico,MEX,2022-08-25,27536
Mexico,MEX,2022-08-26,25946
Mexico,MEX,2022-08-27,24393
Mexico,MEX,2022-08-28,22956
Mexico,MEX,2022-08-29,22388
Mexico,MEX,2022-08-30,21974
Mexico,MEX,2022-08-31,20186
Mexico,MEX,2022-09-01,19135
Mexico,MEX,2022-09-02,17979
Mexico,MEX,2022-09-03,17135
Mexico,MEX,2022-09-04,16411
Mexico,MEX,2022-09-05,16234
Mexico,MEX,2022-09-06,16020
Mexico,MEX,2022-09-07,14952
Mexico,MEX,2022-09-08,13984
Mexico,MEX,2022-09-09,13250
Mexico,MEX,2022-09-10,12580
Mexico,MEX,2022-09-11,12055
Mexico,MEX,2022-09-12,11724
Mexico,MEX,2022-09-13,11424
Mexico,MEX,2022-09-14,10945
Mexico,MEX,2022-09-15,10476
Mexico,MEX,2022-09-16,10011
Mexico,MEX,2022-09-17,8973
Mexico,MEX,2022-09-18,7691
Mexico,MEX,2022-09-19,7525
Mexico,MEX,2022-09-20,7325
Mexico,MEX,2022-09-21,6908
Mexico,MEX,2022-09-22,6734
Mexico,MEX,2022-09-23,6641
Mexico,MEX,2022-09-24,7045
Mexico,MEX,2022-09-25,7673
Mexico,MEX,2022-09-26,7629
Mexico,MEX,2022-09-27,7575
Mexico,MEX,2022-09-28,7033
Mexico,MEX,2022-09-29,6529
Mexico,MEX,2022-09-30,6029
Mexico,MEX,2022-10-01,5605
Mexico,MEX,2022-10-02,5199
Mexico,MEX,2022-10-03,5098
Mexico,MEX,2022-10-04,5007
Mexico,MEX,2022-10-05,4596
Mexico,MEX,2022-10-06,4313
Mexico,MEX,2022-10-07,4165
Mexico,MEX,2022-10-08,4035
Mexico,MEX,2022-10-09,3878
Mexico,MEX,2022-10-10,3731
Mexico,MEX,2022-10-11,3651
Mexico,MEX,2022-10-12,3388
Mexico,MEX,2022-10-13,3266
Mexico,MEX,2022-10-14,3068
Mexico,MEX,2022-10-15,2948
Mexico,MEX,2022-10-16,2867
Mexico,MEX,2022-10-17,2839
Mexico,MEX,2022-10-18,2832
Mexico,MEX,2022-10-19,2785
Mexico,MEX,2022-10-20,2701
Mexico,MEX,2022-10-21,2704
Mexico,MEX,2022-10-22,2670
Mexico,MEX,2022-10-23,2657
Mexico,MEX,2022-10-24,2659
Mexico,MEX,2022-10-25,2621
Mexico,MEX,2022-10-26,2666
Mexico,MEX,2022-10-27,2692
Mexico,MEX,2022-10-28,2763
Mexico,MEX,2022-10-29,2782
Mexico,MEX,2022-10-30,2840
Mexico,MEX,2022-10-31,2843
Mexico,MEX,2022-11-01,2818
Mexico,MEX,2022-11-02,2774
Mexico,MEX,2022-11-03,2752
Mexico,MEX,2022-11-04,2609
Mexico,MEX,2022-11-05,2812
Mexico,MEX,2022-11-06,2896
Mexico,MEX,2022-11-07,2954
Mexico,MEX,2022-11-08,3052
Mexico,MEX,2022-11-09,3367
Mexico,MEX,2022-11-10,3660
Mexico,MEX,2022-11-11,4056
Mexico,MEX,2022-11-12,4231
Mexico,MEX,2022-11-13,4403
Mexico,MEX,2022-11-14,4450
Mexico,MEX,2022-11-15,4512
Mexico,MEX,2022-11-16,4706
Mexico,MEX,2022-11-17,4968
Mexico,MEX,2022-11-18,5227
Mexico,MEX,2022-11-19,5371
Mexico,MEX,2022-11-20,5670
Mexico,MEX,2022-11-21,5712
Mexico,MEX,2022-11-22,5748
Mexico,MEX,2022-11-23,5083
Mexico,MEX,2022-11-24,5693
Mexico,MEX,2022-11-25,6255
Mexico,MEX,2022-11-26,6875
Mexico,MEX,2022-11-27,7419
Mexico,MEX,2022-11-28,7700
Mexico,MEX,2022-11-29,7945
Mexico,MEX,2022-11-30,10047
Mexico,MEX,2022-12-01,10780
Mexico,MEX,2022-12-02,11388
Mexico,MEX,2022-12-03,12153
Mexico,MEX,2022-12-04,12749
Mexico,MEX,2022-12-05,13001
Mexico,MEX,2022-12-06,13241
Mexico,MEX,2022-12-07,14424
Mexico,MEX,2022-12-08,15611
Mexico,MEX,2022-12-09,17075
Mexico,MEX,2022-12-10,18158
Mexico,MEX,2022-12-11,19203
Mexico,MEX,2022-12-12,19695
Mexico,MEX,2022-12-13,20054
Mexico,MEX,2022-12-14,21200
Mexico,MEX,2022-12-15,22628
Mexico,MEX,2022-12-16,24104
Mexico,MEX,2022-12-17,25519
Mexico,MEX,2022-12-18,26720
Mexico,MEX,2022-12-19,27175
Mexico,MEX,2022-12-20,27425
Mexico,MEX,2022-12-21,29304
Mexico,MEX,2022-12-22,30892
Mexico,MEX,2022-12-23,32096
Mexico,MEX,2022-12-24,33292
Mexico,MEX,2022-12-25,33950
Mexico,MEX,2022-12-26,33563
Mexico,MEX,2022-12-27,33016
Mexico,MEX,2022-12-28,32843
Mexico,MEX,2022-12-29,32174
Mexico,MEX,2022-12-30,31805
Mexico,MEX,2022-12-31,31080
Mexico,MEX,2023-01-01,30816
Mexico,MEX,2023-01-02,30950
Mexico,MEX,2023-01-03,31133
Mexico,MEX,2023-01-04,30982
Mexico,MEX,2023-01-05,31276
Mexico,MEX,2023-01-06,31571
Mexico,MEX,2023-01-07,31831
Mexico,MEX,2023-01-08,31932
Mexico,MEX,2023-01-09,32165
Mexico,MEX,2023-01-10,32723
Mexico,MEX,2023-01-11,33129
Mexico,MEX,2023-01-12,32559
Mexico,MEX,2023-01-13,31456
Mexico,MEX,2023-01-14,30483
Mexico,MEX,2023-01-15,29637
Mexico,MEX,2023-01-16,29345
Mexico,MEX,2023-01-17,29060
Mexico,MEX,2023-01-18,27696
Mexico,MEX,2023-01-19,26662
Mexico,MEX,2023-01-20,26094
Mexico,MEX,2023-01-21,25673
Mexico,MEX,2023-01-22,25514
Mexico,MEX,2023-01-23,25483
Mexico,MEX,2023-01-24,25357
Mexico,MEX,2023-01-25,25267
Mexico,MEX,2023-01-26,25051
Mexico,MEX,2023-01-27,24584
Mexico,MEX,2023-01-28,24269
Mexico,MEX,2023-01-29,23596
Mexico,MEX,2023-01-30,23377
Mexico,MEX,2023-01-31,23238
Mexico,MEX,2023-02-01,22580
Mexico,MEX,2023-02-02,21919
Mexico,MEX,2023-02-03,21343
Mexico,MEX,2023-02-04,20812
Mexico,MEX,2023-02-05,20573
Mexico,MEX,2023-02-06,20420
Mexico,MEX,2023-02-07,20156
Mexico,MEX,2023-02-08,16663
Mexico,MEX,2023-02-09,17643
Mexico,MEX,2023-02-10,18126
Mexico,MEX,2023-02-11,18348
Mexico,MEX,2023-02-12,18694
Mexico,MEX,2023-02-13,18781
Mexico,MEX,2023-02-14,18946
Mexico,MEX,2023-02-15,22037
Mexico,MEX,2023-02-16,20722
Mexico,MEX,2023-02-17,20194
Mexico,MEX,2023-02-18,19984
Mexico,MEX,2023-02-19,19702
Mexico,MEX,2023-02-20,19612
Mexico,MEX,2023-02-21,19672
Mexico,MEX,2023-02-22,19693
Mexico,MEX,2023-02-23,20091
Mexico,MEX,2023-02-24,20272
Mexico,MEX,2023-02-25,20322
Mexico,MEX,2023-02-26,20305
Mexico,MEX,2023-02-27,20274
Mexico,MEX,2023-02-28,20201
Mexico,MEX,2023-03-01,20241
Mexico,MEX,2023-03-02,19989
Mexico,MEX,2023-03-03,19697
Mexico,MEX,2023-03-04,19437
Mexico,MEX,2023-03-05,19418
Mexico,MEX,2023-03-06,19339
Mexico,MEX,2023-03-07,19301
Mexico,MEX,2023-03-08,19481
Mexico,MEX,2023-03-09,19666
Mexico,MEX,2023-03-10,19862
Mexico,MEX,2023-03-11,20142
Mexico,MEX,2023-03-12,20313
Mexico,MEX,2023-03-13,20436
Mexico,MEX,2023-03-14,20443
Mexico,MEX,2023-03-15,20437
Mexico,MEX,2023-03-16,20327
Mexico,MEX,2023-03-17,20014
Mexico,MEX,2023-03-18,19576
Mexico,MEX,2023-03-19,19021
Mexico,MEX,2023-03-20,18808
Mexico,MEX,2023-03-21,18542
Mexico,MEX,2023-03-22,14891
Mexico,MEX,2023-03-23,15130
Mexico,MEX,2023-03-24,15223
Mexico,MEX,2023-03-25,15350
Mexico,MEX,2023-03-26,15357
Mexico,MEX,2023-03-27,15412
Mexico,MEX,2023-03-28,15538
Mexico,MEX,2023-03-29,18204
Mexico,MEX,2023-03-30,17246
Mexico,MEX,2023-03-31,16467
Mexico,MEX,2023-04-01,15692
Mexico,MEX,2023-04-02,15113
Mexico,MEX,2023-04-03,14198
Mexico,MEX,2023-04-04,13448
Mexico,MEX,2023-04-05,9872
Mexico,MEX,2023-04-06,6985
Mexico,MEX,2023-04-07,4371
Mexico,MEX,2023-04-08,2035
Mexico,MEX,2023-04-09,8608
Mexico,MEX,2023-04-10,8608
Mexico,MEX,2023-04-11,8608
Mexico,MEX,2023-04-12,8608
Mexico,MEX,2023-04-13,8608
Mexico,MEX,2023-04-14,8608
Mexico,MEX,2023-04-15,8608
Mexico,MEX,2023-04-16,9869
Mexico,MEX,2023-04-17,9869
Mexico,MEX,2023-04-18,9869
Mexico,MEX,2023-04-19,9869
Mexico,MEX,2023-04-20,9869
Mexico,MEX,2023-04-21,9869
Mexico,MEX,2023-04-22,9869
Mexico,MEX,2023-04-23,9401
Mexico,MEX,2023-04-24,9401
Mexico,MEX,2023-04-25,9401
Mexico,MEX,2023-04-26,9401
Mexico,MEX,2023-04-27,9401
Mexico,MEX,2023-04-28,9401
Mexico,MEX,2023-04-29,9401
Mexico,MEX,2023-04-30,9419
Mexico,MEX,2023-05-01,9419
Mexico,MEX,2023-05-02,9419
Mexico,MEX,2023-05-03,9419
Mexico,MEX,2023-05-04,9419
Mexico,MEX,2023-05-05,9419
Mexico,MEX,2023-05-06,9419
Mexico,MEX,2023-05-07,8109
Mexico,MEX,2023-05-08,8109
Mexico,MEX,2023-05-09,8109
Mexico,MEX,2023-05-10,8109
Mexico,MEX,2023-05-11,8109
Mexico,MEX,2023-05-12,8109
Mexico,MEX,2023-05-13,8109
Mexico,MEX,2023-05-14,7429
Mexico,MEX,2023-05-15,7429
Mexico,MEX,2023-05-16,7429
Mexico,MEX,2023-05-17,7429
Mexico,MEX,2023-05-18,7429
Mexico,MEX,2023-05-19,7429
Mexico,MEX,2023-05-20,7429
Mexico,MEX,2023-05-21,0
Mexico,MEX,2023-05-22,0
Mexico,MEX,2023-05-23,0
Mexico,MEX,2023-05-24,0
Mexico,MEX,2023-05-25,0
Mexico,MEX,2023-05-26,0
Mexico,MEX,2023-05-27,0
Mexico,MEX,2023-05-28,0
Mexico,MEX,2023-05-29,0
Mexico,MEX,2023-05-30,0
Mexico,MEX,2023-05-31,0
Mexico,MEX,2023-06-01,0
Mexico,MEX,2023-06-02,0
Mexico,MEX,2023-06-03,0
Mexico,MEX,2023-06-04,0
Mexico,MEX,2023-06-05,0
Mexico,MEX,2023-06-06,0
Mexico,MEX,2023-06-07,0
Mexico,MEX,2023-06-08,0
Mexico,MEX,2023-06-09,0
Mexico,MEX,2023-06-10,0
Mexico,MEX,2023-06-11,0
Mexico,MEX,2023-06-12,0
Mexico,MEX,2023-06-13,0
Mexico,MEX,2023-06-14,0
Mexico,MEX,2023-06-15,0
Mexico,MEX,2023-06-16,0
Mexico,MEX,2023-06-17,0
Mexico,MEX,2023-06-18,0
Mexico,MEX,2023-06-19,0
Mexico,MEX,2023-06-20,0
Mexico,MEX,2023-06-21,0
Mexico,MEX,2023-06-22,0
Mexico,MEX,2023-06-23,0
Mexico,MEX,2023-06-24,0
Mexico,MEX,2023-06-25,0
Mexico,MEX,2023-06-26,0
Mexico,MEX,2023-06-27,0
Mexico,MEX,2023-06-28,0
Mexico,MEX,2023-06-29,0
Mexico,MEX,2023-06-30,0
Mexico,MEX,2023-07-01,0
Mexico,MEX,2023-07-02,0
Mexico,MEX,2023-07-03,0
Mexico,MEX,2023-07-04,0
Mexico,MEX,2023-07-05,0
Mexico,MEX,2023-07-06,0
Mexico,MEX,2023-07-07,0
Mexico,MEX,2023-07-08,0
Mexico,MEX,2023-07-09,0
Mexico,MEX,2023-07-10,0
Mexico,MEX,2023-07-11,0
Mexico,MEX,2023-07-12,0
Mexico,MEX,2023-07-13,0
Mexico,MEX,2023-07-14,0
Mexico,MEX,2023-07-15,0
Mexico,MEX,2023-07-16,0
Mexico,MEX,2023-07-17,0
Mexico,MEX,2023-07-18,0
Mexico,MEX,2023-07-19,0
Mexico,MEX,2023-07-20,0
Mexico,MEX,2023-07-21,0
Mexico,MEX,2023-07-22,0
Mexico,MEX,2023-07-23,0
Mexico,MEX,2023-07-24,0
Mexico,MEX,2023-07-25,0
Mexico,MEX,2023-07-26,0
Mexico,MEX,2023-07-27,0
Mexico,MEX,2023-07-28,0
Mexico,MEX,2023-07-29,0
Mexico,MEX,2023-07-30,0
Mexico,MEX,2023-07-31,0
Mexico,MEX,2023-08-01,0
Mexico,MEX,2023-08-02,0
Mexico,MEX,2023-08-03,0
Mexico,MEX,2023-08-04,0
Mexico,MEX,2023-08-05,0
Mexico,MEX,2023-08-06,0
Mexico,MEX,2023-08-07,0
Mexico,MEX,2023-08-08,0
Mexico,MEX,2023-08-09,0
Mexico,MEX,2023-08-10,0
Mexico,MEX,2023-08-11,0
Mexico,MEX,2023-08-12,0
Mexico,MEX,2023-08-13,0
Mexico,MEX,2023-08-14,0
Mexico,MEX,2023-08-15,0
Mexico,MEX,2023-08-16,0
Mexico,MEX,2023-08-17,0
Mexico,MEX,2023-08-18,0
Mexico,MEX,2023-08-19,0
Mexico,MEX,2023-08-20,0
Mexico,MEX,2023-08-21,0
Mexico,MEX,2023-08-22,0
Mexico,MEX,2023-08-23,0
Mexico,MEX,2023-08-24,0
Mexico,MEX,2023-08-25,0
Mexico,MEX,2023-08-26,0
Mexico,MEX,2023-08-27,0
Mexico,MEX,2023-08-28,0
Mexico,MEX,2023-08-29,0
Mexico,MEX,2023-08-30,0
Mexico,MEX,2023-08-31,0
Mexico,MEX,2023-09-01,0
Mexico,MEX,2023-09-02,0
Mexico,MEX,2023-09-03,0
Mexico,MEX,2023-09-04,0
Mexico,MEX,2023-09-05,0
Mexico,MEX,2023-09-06,0
Mexico,MEX,2023-09-07,0
Mexico,MEX,2023-09-08,0
Mexico,MEX,2023-09-09,0
Mexico,MEX,2023-09-10,0
Mexico,MEX,2023-09-11,0
Mexico,MEX,2023-09-12,0
Mexico,MEX,2023-09-13,0
Mexico,MEX,2023-09-14,0
Mexico,MEX,2023-09-15,0
Mexico,MEX,2023-09-16,0
Mexico,MEX,2023-09-17,0
Mexico,MEX,2023-09-18,0
Mexico,MEX,2023-09-19,0
Mexico,MEX,2023-09-20,0
Mexico,MEX,2023-09-21,0
Mexico,MEX,2023-09-22,0
Mexico,MEX,2023-09-23,0
Mexico,MEX,2023-09-24,0
Mexico,MEX,2023-09-25,0
Mexico,MEX,2023-09-26,0
Mexico,MEX,2023-09-27,0
Mexico,MEX,2023-09-28,0
Mexico,MEX,2023-09-29,0
Mexico,MEX,2023-09-30,0
Mexico,MEX,2023-10-01,0
Mexico,MEX,2023-10-02,0
Mexico,MEX,2023-10-03,0
Mexico,MEX,2023-10-04,0
Mexico,MEX,2023-10-05,0
Mexico,MEX,2023-10-06,0
Mexico,MEX,2023-10-07,0
Mexico,MEX,2023-10-08,0
Mexico,MEX,2023-10-09,0
Mexico,MEX,2023-10-10,0
Mexico,MEX,2023-10-11,0
Mexico,MEX,2023-10-12,0
Mexico,MEX,2023-10-13,0
Mexico,MEX,2023-10-14,0
Mexico,MEX,2023-10-15,0
Mexico,MEX,2023-10-16,0
Mexico,MEX,2023-10-17,0
Mexico,MEX,2023-10-18,0
Mexico,MEX,2023-10-19,0
Mexico,MEX,2023-10-20,0
Mexico,MEX,2023-10-21,0
Mexico,MEX,2023-10-22,0
Mexico,MEX,2023-10-23,0
Mexico,MEX,2023-10-24,0
Mexico,MEX,2023-10-25,0
Mexico,MEX,2023-10-26,0
Mexico,MEX,2023-10-27,0
Mexico,MEX,2023-10-28,0
Mexico,MEX,2023-10-29,0
Mexico,MEX,2023-10-30,0
Mexico,MEX,2023-10-31,0
Mexico,MEX,2023-11-01,0
Mexico,MEX,2023-11-02,0
Mexico,MEX,2023-11-03,0
Mexico,MEX,2023-11-04,0
Mexico,MEX,2023-11-05,0
Mexico,MEX,2023-11-06,0
Mexico,MEX,2023-11-07,0
Mexico,MEX,2023-11-08,0
Mexico,MEX,2023-11-09,0
Mexico,MEX,2023-11-10,0
Mexico,MEX,2023-11-11,0
Mexico,MEX,2023-11-12,0
Mexico,MEX,2023-11-13,0
Mexico,MEX,2023-11-14,0
Mexico,MEX,2023-11-15,0
Mexico,MEX,2023-11-16,0
Mexico,MEX,2023-11-17,0
Mexico,MEX,2023-11-18,0
Mexico,MEX,2023-11-19,0
Mexico,MEX,2023-11-20,0
Mexico,MEX,2023-11-21,0
Mexico,MEX,2023-11-22,0
Mexico,MEX,2023-11-23,0
Mexico,MEX,2023-11-24,0
Mexico,MEX,2023-11-25,0
Mexico,MEX,2023-11-26,0
Mexico,MEX,2023-11-27,0
Mexico,MEX,2023-11-28,0
Mexico,MEX,2023-11-29,0
Mexico,MEX,2023-11-30,0
Mexico,MEX,2023-12-01,0
Mexico,MEX,2023-12-02,0
Mexico,MEX,2023-12-03,0
Mexico,MEX,2023-12-04,0
Mexico,MEX,2023-12-05,0
Mexico,MEX,2023-12-06,0
Mexico,MEX,2023-12-07,0
Mexico,MEX,2023-12-08,0
Mexico,MEX,2023-12-09,0
Mexico,MEX,2023-12-10,0
Mexico,MEX,2023-12-11,0
Mexico,MEX,2023-12-12,0
Mexico,MEX,2023-12-13,0
Mexico,MEX,2023-12-14,0
Mexico,MEX,2023-12-15,0
Mexico,MEX,2023-12-16,0
Mexico,MEX,2023-12-17,0
Mexico,MEX,2023-12-18,0
Mexico,MEX,2023-12-19,0
Mexico,MEX,2023-12-20,0
Mexico,MEX,2023-12-21,0
Mexico,MEX,2023-12-22,0
Mexico,MEX,2023-12-23,0
Mexico,MEX,2023-12-24,0
Mexico,MEX,2023-12-25,0
Mexico,MEX,2023-12-26,0
Mexico,MEX,2023-12-27,0
Mexico,MEX,2023-12-28,0
Mexico,MEX,2023-12-29,0
Mexico,MEX,2023-12-30,0
Mexico,MEX,2023-12-31,0
